,Average CV Threshold,Average CV Loss,Test Threshold,Test Loss
LogisticRegression,0.184,1150800.0,0.25,1493000.0
RandomForest,0.17200000000000001,1086200.0,0.17,1443000.0
GradientBoosting,0.16000000000000003,1081200.0,0.18,1434000.0
