,Threshold,Expected Loss,FP Loss,FN Loss,AUC
Manufacturing,0.11,62000.0,22000.0,40000.0,0.5166240409207161
Services,0.1,439000.0,429000.0,10000.0,0.5918357487922705
